Driver,Index,Selected model,R2,RMSE,AIC,BIC,p-value,Final selected model
K,EI,Linear regression,0.3845,0.0153,-1801.03,-1794.28,0,FALSE
K,EI,Quadratic polynomial regression,0.3915,0.0152,-1801.51,-1791.38,0.1181,FALSE
K,EI,Cubic polynomial regression,0.6371,0.0118,-1911.15,-1897.65,0,TRUE
K,EI,Exponential regression,0.3855,0.0153,-1801.38,-1794.63,0,FALSE
K,EI,Logarithmic regression,0.3791,0.0154,-1799.15,-1792.4,0,FALSE
K,EI,Sigmoid regression,0.3837,0.0153,-1798.76,-1788.64,0.9504,FALSE
K,SI,Linear regression,0.373,0.0152,-1803.98,-1797.23,0,FALSE
K,SI,Quadratic polynomial regression,0.373,0.0152,-1801.99,-1791.86,0.962,FALSE
K,SI,Cubic polynomial regression,0.7184,0.0102,-1972.86,-1959.36,0,TRUE
K,SI,Exponential regression,0.373,0.0152,-1804,-1797.25,0,FALSE
K,SI,Logarithmic regression,0.3793,0.0151,-1806.18,-1799.43,0,FALSE
K,SI,Sigmoid regression,0.3728,0.0152,-1801.93,-1791.8,0.9545,FALSE
K,RI,Linear regression,0.0161,0.0848,-1061.82,-1055.07,0.0625,FALSE
K,RI,Quadratic polynomial regression,0.5706,0.056,-1238.89,-1228.77,0,TRUE
K,RI,Cubic polynomial regression,0.5874,0.0549,-1245.5,-1232,0.0037,FALSE
K,RI,Exponential regression,0.0144,0.0849,-1061.43,-1054.68,0.0973,FALSE
K,RI,Logarithmic regression,0.0023,0.0854,-1058.8,-1052.05,0.4844,FALSE
K,RI,Sigmoid regression,0,0.0855,-1056.31,-1046.18,1,FALSE
K,VI,Linear regression,0.2707,0.0179,-1733.25,-1726.5,0,FALSE
K,VI,Quadratic polynomial regression,0.5081,0.0147,-1816.32,-1806.19,0,FALSE
K,VI,Cubic polynomial regression,0.6173,0.013,-1868.52,-1855.02,0,TRUE
K,VI,Exponential regression,0.2763,0.0179,-1734.92,-1728.17,0,FALSE
K,VI,Logarithmic regression,0.2231,0.0185,-1719.58,-1712.83,0,FALSE
K,VI,Sigmoid regression,0.2679,0.018,-1730.41,-1720.29,0.9794,FALSE
HFP,EI,Linear regression,0.2104,0.012,-1243.4,-1237.5,0,FALSE
HFP,EI,Quadratic polynomial regression,0.4874,0.0097,-1302.32,-1293.48,0,FALSE
HFP,EI,Cubic polynomial regression,0.6026,0.0085,-1336.22,-1324.43,0,TRUE
HFP,EI,Exponential regression,0.2079,0.012,-1242.95,-1237.05,0,FALSE
HFP,EI,Logarithmic regression,0.0205,0.0134,-1213.01,-1207.12,0.0905,FALSE
HFP,EI,Sigmoid regression,-21.5928,0.0642,-768.51,-759.66,0.9876,FALSE
HFP,SI,Linear regression,0.2957,0.0101,-1291.08,-1285.18,0,FALSE
HFP,SI,Quadratic polynomial regression,0.3869,0.0094,-1308.63,-1299.78,0,FALSE
HFP,SI,Cubic polynomial regression,0.4745,0.0087,-1328.38,-1316.58,0,TRUE
HFP,SI,Exponential regression,0.2937,0.0101,-1290.68,-1284.79,0,FALSE
HFP,SI,Logarithmic regression,0.1193,0.0113,-1259.57,-1253.67,0,FALSE
HFP,SI,Sigmoid regression,-21.5689,0.0573,-800.21,-791.37,0.9904,FALSE
HFP,RI,Linear regression,0.584,0.0416,-892.92,-887.03,0,FALSE
HFP,RI,Quadratic polynomial regression,0.8182,0.0275,-1007.62,-998.78,0,FALSE
HFP,RI,Cubic polynomial regression,0.8717,0.0231,-1054.84,-1043.04,0,TRUE
HFP,RI,Exponential regression,0.6233,0.0396,-906.91,-901.01,0,FALSE
HFP,RI,Logarithmic regression,0.8298,0.0266,-1018.9,-1013,0,FALSE
HFP,RI,Sigmoid regression,-0.0687,0.0666,-757.88,-749.04,1,FALSE
HFP,VI,Linear regression,0.0201,0.0127,-1228.36,-1222.46,0.0939,FALSE
HFP,VI,Quadratic polynomial regression,0.4181,0.0097,-1299.85,-1291.01,0,FALSE
HFP,VI,Cubic polynomial regression,0.5923,0.0082,-1348.02,-1336.23,0,TRUE
HFP,VI,Exponential regression,0.0197,0.0127,-1228.31,-1222.41,0.0995,FALSE
HFP,VI,Logarithmic regression,0.1874,0.0115,-1254.76,-1248.86,0,FALSE
HFP,VI,Sigmoid regression,-11.1923,0.0446,-870.89,-862.04,0.9861,FALSE
LHI,EI,Linear regression,0.0258,0.0083,-1262.16,-1256.4,0.0656,FALSE
LHI,EI,Quadratic polynomial regression,0.0261,0.0083,-1260.2,-1251.55,0.8419,FALSE
LHI,EI,Cubic polynomial regression,0.3883,0.0065,-1319.58,-1308.05,0,TRUE
LHI,EI,Exponential regression,0.0258,0.0083,-1262.16,-1256.4,0.0656,FALSE
LHI,EI,Logarithmic regression,0.008,0.0083,-1259.77,-1254,0.3075,FALSE
LHI,EI,Sigmoid regression,-5.4795,0.0213,-1010.04,-1001.4,0.8945,FALSE
LHI,SI,Linear regression,0.169,0.0078,-1277.14,-1271.37,0,FALSE
LHI,SI,Quadratic polynomial regression,0.1709,0.0078,-1275.45,-1266.8,0.5849,FALSE
LHI,SI,Cubic polynomial regression,0.4465,0.0064,-1326.78,-1315.25,0,TRUE
LHI,SI,Exponential regression,0.1689,0.0078,-1277.12,-1271.36,0,FALSE
LHI,SI,Logarithmic regression,0.0563,0.0083,-1260.36,-1254.59,0.0061,FALSE
LHI,SI,Sigmoid regression,-5.3682,0.0216,-1006.33,-997.68,0.9171,FALSE
LHI,RI,Linear regression,0.2756,0.0352,-879.63,-873.86,0,FALSE
LHI,RI,Quadratic polynomial regression,0.2811,0.0351,-878.64,-869.99,0.3217,FALSE
LHI,RI,Cubic polynomial regression,0.7036,0.0225,-993.62,-982.09,0,TRUE
LHI,RI,Exponential regression,0.274,0.0352,-879.34,-873.57,0,FALSE
LHI,RI,Logarithmic regression,0.0647,0.04,-845.91,-840.14,0.0033,FALSE
LHI,RI,Sigmoid regression,-0.4441,0.0497,-786.57,-777.92,0.9895,FALSE
LHI,VI,Linear regression,0.0033,0.0095,-1223.99,-1218.22,0.5116,FALSE
LHI,VI,Quadratic polynomial regression,0.0086,0.0095,-1222.69,-1214.04,0.4079,FALSE
LHI,VI,Cubic polynomial regression,0.4746,0.0069,-1304.49,-1292.96,0,TRUE
LHI,VI,Exponential regression,0.0033,0.0095,-1223.99,-1218.22,0.511,FALSE
LHI,VI,Logarithmic regression,0,0.0096,-1223.55,-1217.78,0.9751,FALSE
LHI,VI,Sigmoid regression,-1.8318,0.0161,-1084.15,-1075.5,0.9173,FALSE
TM,EI,Linear regression,0.4319,0.0155,-1038.17,-1032.51,0,FALSE
TM,EI,Quadratic polynomial regression,0.59,0.0131,-1076.94,-1068.45,0,TRUE
TM,EI,Cubic polynomial regression,0.596,0.013,-1076.78,-1065.47,0.1824,FALSE
TM,EI,Exponential regression,0.4378,0.0154,-1039.48,-1033.82,0,FALSE
TM,EI,Logarithmic regression,0.2008,0.0184,-995.51,-989.85,0,FALSE
TM,EI,Sigmoid regression,0.4293,0.0155,-1035.6,-1027.11,0.9592,FALSE
TM,SI,Linear regression,0.4647,0.0123,-1095.33,-1089.67,0,FALSE
TM,SI,Quadratic polynomial regression,0.5026,0.0119,-1102.5,-1094.02,0.0028,TRUE
TM,SI,Cubic polynomial regression,0.5058,0.0118,-1101.32,-1090.01,0.3753,FALSE
TM,SI,Exponential regression,0.462,0.0123,-1094.69,-1089.03,0,FALSE
TM,SI,Logarithmic regression,0.4065,0.013,-1082.43,-1076.77,0,FALSE
TM,SI,Sigmoid regression,0.4668,0.0123,-1093.82,-1085.34,0.8845,FALSE
TM,RI,Linear regression,0.1074,0.0684,-666.62,-660.97,0.0002,FALSE
TM,RI,Quadratic polynomial regression,0.6678,0.0417,-788.17,-779.68,0,TRUE
TM,RI,Cubic polynomial regression,0.7044,0.0394,-800.79,-789.47,0.0002,FALSE
TM,RI,Exponential regression,0.0985,0.0687,-665.39,-659.73,0.0006,FALSE
TM,RI,Logarithmic regression,0.2165,0.0641,-682.92,-677.27,0,FALSE
TM,RI,Sigmoid regression,0.3341,0.0591,-701.25,-692.76,0.0166,FALSE
TM,VI,Linear regression,0.1794,0.0141,-1060.99,-1055.33,0,FALSE
TM,VI,Quadratic polynomial regression,0.4631,0.0114,-1112.01,-1103.53,0,TRUE
TM,VI,Cubic polynomial regression,0.4743,0.0113,-1112.66,-1101.35,0.1099,FALSE
TM,VI,Exponential regression,0.1826,0.0141,-1061.48,-1055.83,0,FALSE
TM,VI,Logarithmic regression,0.0476,0.0152,-1042.38,-1036.72,0.0145,FALSE
TM,VI,Sigmoid regression,0.1777,0.0141,-1058.74,-1050.25,0.9834,FALSE
PD,EI,Linear regression,0.0019,0.0062,-1247.25,-1241.62,0.6326,FALSE
PD,EI,Quadratic polynomial regression,0.0339,0.0061,-1249.25,-1240.81,0.0486,TRUE
PD,EI,Cubic polynomial regression,0.0464,0.006,-1248.86,-1237.61,0.2138,FALSE
PD,EI,Exponential regression,0.0019,0.0062,-1247.25,-1241.62,0.6332,FALSE
PD,EI,Logarithmic regression,0.0044,0.0062,-1247.55,-1241.93,0.4679,FALSE
PD,EI,Sigmoid regression,-33.7431,0.0365,-808.61,-800.18,0.849,FALSE
PD,SI,Linear regression,0.0048,0.0062,-1248.45,-1242.83,0.4479,FALSE
PD,SI,Quadratic polynomial regression,0.0123,0.0061,-1247.38,-1238.94,0.3423,FALSE
PD,SI,Cubic polynomial regression,0.0639,0.006,-1251.98,-1240.73,0.0117,TRUE
PD,SI,Exponential regression,0.0048,0.0062,-1248.45,-1242.83,0.4474,FALSE
PD,SI,Logarithmic regression,0,0.0062,-1247.86,-1242.24,0.9981,FALSE
PD,SI,Sigmoid regression,-28.8927,0.0337,-827.96,-819.52,0.8578,FALSE
PD,RI,Linear regression,0.1325,0.023,-923.68,-918.05,0,FALSE
PD,RI,Quadratic polynomial regression,0.2096,0.022,-933.12,-924.69,0.0009,TRUE
PD,RI,Cubic polynomial regression,0.2988,0.0207,-945.85,-934.61,0.0002,FALSE
PD,RI,Exponential regression,0.134,0.023,-923.89,-918.26,0,FALSE
PD,RI,Logarithmic regression,0.1133,0.0233,-920.98,-915.36,0.0001,FALSE
PD,RI,Sigmoid regression,-2.0695,0.0433,-766.25,-757.81,0.9659,FALSE
PD,VI,Linear regression,0.0535,0.0058,-1264.25,-1258.62,0.01,FALSE
PD,VI,Quadratic polynomial regression,0.0727,0.0057,-1264.76,-1256.33,0.1179,FALSE
PD,VI,Cubic polynomial regression,0.1515,0.0055,-1273.68,-1262.44,0.0012,TRUE
PD,VI,Exponential regression,0.0534,0.0058,-1264.23,-1258.61,0.0102,FALSE
PD,VI,Logarithmic regression,0.0375,0.0058,-1262.18,-1256.55,0.032,FALSE
PD,VI,Sigmoid regression,-19.9683,0.0271,-881.19,-872.76,0.852,FALSE
AI,EI,Linear regression,0.001,0.0048,-1193.72,-1188.28,0.7404,FALSE
AI,EI,Quadratic polynomial regression,0.1295,0.0044,-1207.14,-1198.99,0.0001,TRUE
AI,EI,Cubic polynomial regression,0.2205,0.0042,-1217.51,-1206.64,0.0006,FALSE
AI,EI,Exponential regression,0.001,0.0048,-1193.72,-1188.28,0.7411,FALSE
AI,EI,Logarithmic regression,0.005,0.0048,-1194.16,-1188.73,0.4602,FALSE
AI,EI,Sigmoid regression,-170.2503,0.0624,-615.58,-607.42,0.3874,FALSE
AI,SI,Linear regression,0.0521,0.0037,-1247.31,-1241.88,0.0155,FALSE
AI,SI,Quadratic polynomial regression,0.0545,0.0037,-1245.6,-1237.45,0.598,FALSE
AI,SI,Cubic polynomial regression,0.0951,0.0037,-1248.51,-1237.64,0.0299,FALSE
AI,SI,Exponential regression,0.0521,0.0037,-1247.32,-1241.88,0.0155,FALSE
AI,SI,Logarithmic regression,0.0524,0.0037,-1247.35,-1241.91,0.0152,TRUE
AI,SI,Sigmoid regression,-212.8521,0.0563,-638.41,-630.26,0.508,FALSE
AI,RI,Linear regression,0.0031,0.0301,-780.66,-775.22,0.5599,FALSE
AI,RI,Quadratic polynomial regression,0.2243,0.0266,-806.76,-798.61,0,FALSE
AI,RI,Cubic polynomial regression,0.7169,0.016,-917.63,-906.76,0,TRUE
AI,RI,Exponential regression,0.0032,0.0301,-780.67,-775.23,0.5508,FALSE
AI,RI,Logarithmic regression,0.0122,0.03,-781.69,-776.25,0.2462,FALSE
AI,RI,Sigmoid regression,-0.6552,0.0388,-721.87,-713.71,0.9807,FALSE
AI,VI,Linear regression,0.0236,0.0043,-1217.65,-1212.21,0.1062,FALSE
AI,VI,Quadratic polynomial regression,0.1149,0.0041,-1226.65,-1218.5,0.0011,FALSE
AI,VI,Cubic polynomial regression,0.3534,0.0035,-1259.81,-1248.94,0,TRUE
AI,VI,Exponential regression,0.0235,0.0043,-1217.64,-1212.2,0.1071,FALSE
AI,VI,Logarithmic regression,0.0136,0.0043,-1216.52,-1211.08,0.22,FALSE
AI,VI,Sigmoid regression,-125.4433,0.0487,-670.92,-662.76,0.4305,FALSE
